case_id,technique,run_index,bleu,rouge_l,bertscore,judge_accuracy,judge_coherence,judge_completeness,judge_overall
1,structured_output,1,0.1335,0.4726,0.825,10,10,10,10.0
1,structured_output,2,0.1319,0.473,0.8272,10,10,10,10.0
1,structured_output,3,0.1162,0.4471,0.8269,10,9,10,9.7
2,structured_output,1,0.19,0.4554,0.8358,10,10,10,10.0
2,structured_output,2,0.1587,0.4292,0.8185,10,10,10,10.0
2,structured_output,3,0.1095,0.3442,0.8097,10,10,10,10.0
3,structured_output,1,0.0604,0.375,0.7987,10,9,10,9.7
3,structured_output,2,0.0646,0.4124,0.797,10,9,10,9.7
3,structured_output,3,0.0784,0.3895,0.8011,10,10,10,10.0
